{"cameraMode":{"drawMode":0,"name":"Shaded","section":"Shading Mode"},"sceneLighting":false,"audioPlay":false,"sceneViewState":{"showFog":true,"showMaterialUpdate":false,"showSkybox":true,"showFlares":true,"showImageEffects":true,"showParticleSystems":true},"in2DMode":false,"pivot":{"x":0.0000438690185546875,"y":-261.0479736328125,"z":0.000026702880859375},"rotation":{"x":0.3225502669811249,"y":0.5906457304954529,"z":-0.2779359519481659,"w":0.6854564547538757},"size":2805.46142578125,"orthographic":false}