{"cameraMode":{"drawMode":0,"name":"Shaded","section":"Shading Mode"},"sceneLighting":false,"audioPlay":false,"sceneViewState":{"showFog":true,"showMaterialUpdate":false,"showSkybox":true,"showFlares":true,"showImageEffects":true,"showParticleSystems":true},"in2DMode":false,"pivot":{"x":0.0990297794342041,"y":0.4382286071777344,"z":1.0243146419525147},"rotation":{"x":-0.23807890713214875,"y":-0.5976181626319885,"z":0.19197040796279908,"w":-0.7411601543426514},"size":2.8578836917877199,"orthographic":false}