{"cameraMode":{"drawMode":0,"name":"Shaded","section":"Shading Mode"},"sceneLighting":false,"audioPlay":false,"sceneViewState":{"showFog":true,"showMaterialUpdate":false,"showSkybox":true,"showFlares":true,"showImageEffects":true,"showParticleSystems":true},"in2DMode":false,"pivot":{"x":2.0257134437561037,"y":2.4757604598999025,"z":-7.2818827629089359},"rotation":{"x":-0.2549009621143341,"y":0.05279795080423355,"z":-0.013950196094810963,"w":-0.9654238820075989},"size":25.643796920776368,"orthographic":false}