{"cameraMode":{"drawMode":0,"name":"Shaded","section":"Shading Mode"},"sceneLighting":false,"audioPlay":false,"sceneViewState":{"showFog":true,"showMaterialUpdate":false,"showSkybox":true,"showFlares":true,"showImageEffects":true,"showParticleSystems":true},"in2DMode":false,"pivot":{"x":-5.2213544845581059,"y":-1.0383222103118897,"z":0.4786858856678009},"rotation":{"x":-0.24623122811317445,"y":-0.6760338544845581,"z":0.25818362832069399,"w":-0.6447399854660034},"size":2.1172451972961427,"orthographic":false}