{"cameraMode":{"drawMode":0,"name":"Shaded","section":"Shading Mode"},"sceneLighting":false,"audioPlay":false,"sceneViewState":{"showFog":true,"showMaterialUpdate":false,"showSkybox":true,"showFlares":true,"showImageEffects":true,"showParticleSystems":true},"in2DMode":false,"pivot":{"x":14.161534309387207,"y":1.873546838760376,"z":0.24673843383789063},"rotation":{"x":-0.2016868144273758,"y":0.3486517071723938,"z":-0.07711073756217957,"w":-0.9120407700538635},"size":16.50074005126953,"orthographic":false}